performance_date,channel,campaign_id,insurance_vertical,state,spend,impressions,clicks,platform_reported_leads,platform_reported_conversions,platform_reported_revenue
2025-01-01,google,C001,auto,CA,384.36,34756,1317,9,9,530.62
2025-01-01,google,C002,home,NY,302.73,41364,2399,10,10,514.41
2025-01-01,meta,C003,auto,GA,267.15,30407,1091,4,4,151.87
2025-01-01,meta,C004,health,IL,230.25,29514,1033,6,6,256.07
2025-01-01,affiliate,C005,life,MI,99.87,11943,603,10,10,383.1
2025-01-02,google,C001,auto,FL,426.31,54572,2461,12,12,758.6
2025-01-02,google,C002,home,OH,466.11,64430,3317,14,14,700.82
2025-01-02,meta,C003,auto,GA,246.3,29697,1479,6,6,384.72
2025-01-02,meta,C004,health,NC,225.97,19367,929,9,9,541.82
2025-01-02,affiliate,C005,life,NY,140.01,20217,1121,10,10,528.66
2025-01-03,google,C001,auto,CA,290.94,37826,2237,5,5,276.17
2025-01-03,google,C002,home,NY,302.92,31164,1795,8,8,511.65
2025-01-03,meta,C003,auto,CA,258.92,34191,983,8,8,396.04
2025-01-03,meta,C004,health,FL,283.52,39460,1985,7,7,246.32
2025-01-03,affiliate,C005,life,OH,130.69,17257,420,10,10,392.93
2025-01-04,google,C001,auto,TX,232.65,24415,1125,6,6,382.95
2025-01-04,google,C002,home,NY,242.64,26977,1510,10,10,445.84
2025-01-04,meta,C003,auto,TX,119.98,17201,560,7,7,406.59
2025-01-04,meta,C004,health,FL,162.57,16183,485,8,8,327.15
2025-01-04,affiliate,C005,life,MI,61.26,7749,244,5,5,193.86
2025-01-05,google,C001,auto,TX,240.13,30896,1014,5,5,193.17
2025-01-05,google,C002,home,OH,168.42,21993,943,10,10,442.08
2025-01-05,meta,C003,auto,TX,181.9,17025,925,6,6,273.13
2025-01-05,meta,C004,health,IL,178.05,24019,1386,12,12,678.28
2025-01-05,affiliate,C005,life,MI,58.44,5622,154,14,14,502.05
2025-01-06,google,C001,auto,FL,315.14,40059,1134,9,9,583.7
2025-01-06,google,C002,home,NY,363.03,33597,1236,7,7,331.18
2025-01-06,meta,C003,auto,TX,301.97,35955,2136,7,7,293.23
2025-01-06,meta,C004,health,NC,215.55,24907,630,10,10,594.79
2025-01-06,affiliate,C005,life,OH,136.6,11073,277,10,10,455.55
2025-01-07,google,C001,auto,FL,413.22,52092,2448,6,6,386.41
2025-01-07,google,C002,home,PA,381.06,39447,1244,6,6,360.4
2025-01-07,meta,C003,auto,CA,199.4,18258,738,11,11,609.13
2025-01-07,meta,C004,health,NC,226.08,33788,808,4,4,195.0
2025-01-07,affiliate,C005,life,MI,135.89,14661,575,8,8,406.04
2025-01-08,google,C001,auto,CA,312.76,43300,1767,7,7,446.34
2025-01-08,google,C002,home,OH,431.16,58116,1258,9,9,361.33
2025-01-08,meta,C003,auto,GA,207.44,30807,1109,9,9,442.12
2025-01-08,meta,C004,health,FL,209.62,25441,938,6,6,274.83
2025-01-08,affiliate,C005,life,MI,97.76,13327,404,6,6,252.65
2025-01-09,google,C001,auto,CA,311.39,32362,1374,6,6,327.15
2025-01-09,google,C002,home,NY,317.04,31543,1767,8,8,362.53
2025-01-09,meta,C003,auto,TX,261.05,24974,1292,7,7,281.15
2025-01-09,meta,C004,health,FL,274.16,31523,1467,7,7,442.17
2025-01-09,affiliate,C005,life,MI,121.22,17120,373,5,5,236.42
2025-01-10,google,C001,auto,FL,397.02,54647,2045,7,7,401.87
2025-01-10,google,C002,home,NY,460.3,55776,2003,8,8,305.24
2025-01-10,meta,C003,auto,TX,264.86,39063,935,5,5,239.08
2025-01-10,meta,C004,health,FL,292.21,24660,1426,12,12,547.59
2025-01-10,affiliate,C005,life,NY,136.76,11635,381,6,6,355.32
2025-01-11,google,C001,auto,FL,257.92,38251,2031,12,12,703.44
2025-01-11,google,C002,home,PA,177.82,19637,893,9,9,573.57
2025-01-11,meta,C003,auto,GA,150.48,16749,597,4,4,161.23
2025-01-11,meta,C004,health,NC,136.4,20195,1042,4,4,185.57
2025-01-11,affiliate,C005,life,MI,72.84,8880,456,3,3,150.72
2025-01-12,google,C001,auto,FL,256.63,22554,543,16,16,811.41
2025-01-12,google,C002,home,NY,251.95,20910,638,8,8,466.94
2025-01-12,meta,C003,auto,GA,176.33,18641,720,7,7,270.74
2025-01-12,meta,C004,health,FL,172.11,13910,574,6,6,329.79
2025-01-12,affiliate,C005,life,MI,57.41,4852,123,3,3,107.29
2025-01-13,google,C001,auto,TX,391.09,40873,884,13,13,670.72
2025-01-13,google,C002,home,PA,421.16,50530,1569,7,7,262.96
2025-01-13,meta,C003,auto,TX,247.05,34594,1072,7,7,417.12
2025-01-13,meta,C004,health,FL,261.09,37919,1535,4,4,171.68
2025-01-13,affiliate,C005,life,MI,143.22,15341,372,5,5,252.9
2025-01-14,google,C001,auto,CA,379.97,42091,2058,15,16,743.45
2025-01-14,google,C002,home,PA,353.4,40322,1795,5,5,318.94
2025-01-14,meta,C003,auto,TX,297.56,35423,1817,4,4,235.02
2025-01-14,meta,C004,health,NC,307.24,28173,655,1,1,56.94
2025-01-14,affiliate,C005,life,MI,139.17,16436,696,5,5,209.49
2025-01-15,google,C001,auto,TX,381.67,31372,1857,7,7,379.43
2025-01-15,google,C002,home,PA,422.56,49586,1175,5,5,230.73
2025-01-15,meta,C003,auto,CA,221.31,23038,630,8,8,518.21
2025-01-15,meta,C004,health,NC,195.65,22464,1295,5,5,265.72
2025-01-15,affiliate,C005,life,MI,103.5,10832,371,5,5,237.96
2025-01-16,google,C001,auto,FL,419.92,37927,1396,7,7,403.66
2025-01-16,google,C002,home,PA,359.35,36666,1351,7,7,262.31
2025-01-16,meta,C003,auto,GA,272.46,29049,1065,3,3,170.93
2025-01-16,meta,C004,health,FL,279.79,37527,1820,5,5,182.77
2025-01-16,affiliate,C005,life,NY,144.59,18994,1031,6,6,272.93
2025-01-17,google,C001,auto,TX,354.61,50053,2415,10,10,475.74
2025-01-17,google,C002,home,OH,451.27,52416,1811,8,8,337.91
2025-01-17,meta,C003,auto,GA,293.42,26817,919,8,8,492.24
2025-01-17,meta,C004,health,NC,297.1,41172,1401,10,10,558.13
2025-01-17,affiliate,C005,life,NY,124.33,14999,314,13,13,634.39
2025-01-18,google,C001,auto,FL,204.92,21664,640,8,8,392.74
2025-01-18,google,C002,home,NY,223.2,28971,776,8,8,420.56
2025-01-18,meta,C003,auto,GA,118.95,12221,498,9,9,324.12
2025-01-18,meta,C004,health,IL,150.67,13947,344,12,12,770.63
2025-01-18,affiliate,C005,life,OH,79.85,10859,269,8,8,489.62
2025-01-19,google,C001,auto,CA,223.05,32147,1076,7,7,307.11
2025-01-19,google,C002,home,PA,269.39,38958,819,5,5,271.78
2025-01-19,meta,C003,auto,GA,115.17,12337,555,6,6,248.82
2025-01-19,meta,C004,health,FL,165.08,14999,818,8,8,474.2
2025-01-19,affiliate,C005,life,MI,78.2,7872,216,7,7,384.52
2025-01-20,google,C001,auto,CA,313.26,45872,2052,10,10,424.35
2025-01-20,google,C002,home,NY,383.61,40736,1050,7,7,245.77
2025-01-20,meta,C003,auto,GA,308.35,42052,1997,5,5,190.93
2025-01-20,meta,C004,health,NC,208.96,24813,504,8,8,365.47
2025-01-20,affiliate,C005,life,MI,112.79,10486,472,9,9,365.64
2025-01-21,google,C001,auto,TX,448.23,42396,925,13,13,520.12
2025-01-21,google,C002,home,OH,367.31,39317,1823,8,8,452.54
2025-01-21,meta,C003,auto,CA,199.08,23507,1247,12,12,639.05
2025-01-21,meta,C004,health,FL,306.75,38147,1309,3,3,176.28
2025-01-21,affiliate,C005,life,OH,96.68,8303,389,5,5,257.86
2025-01-22,google,C001,auto,FL,304.47,36460,1585,8,8,494.05
2025-01-22,google,C002,home,OH,309.2,33496,1175,14,14,793.93
2025-01-22,meta,C003,auto,GA,217.85,29620,630,10,10,493.41
2025-01-22,meta,C004,health,IL,290.28,33156,1818,7,7,422.6
2025-01-22,affiliate,C005,life,OH,133.52,19483,872,12,12,535.37
2025-01-23,google,C001,auto,CA,345.14,49012,2276,14,14,688.38
2025-01-23,google,C002,home,PA,438.34,48216,2593,10,10,467.8
2025-01-23,meta,C003,auto,TX,194.87,26551,829,6,6,262.99
2025-01-23,meta,C004,health,FL,195.22,27342,1223,3,3,135.69
2025-01-23,affiliate,C005,life,NY,105.27,15719,739,10,10,620.36
2025-01-24,google,C001,auto,CA,320.12,47467,1299,9,9,413.91
2025-01-24,google,C002,home,PA,366.73,52718,1874,10,10,420.64
2025-01-24,meta,C003,auto,CA,197.04,26838,1232,11,11,419.59
2025-01-24,meta,C004,health,FL,293.34,43333,1535,7,7,425.63
2025-01-24,affiliate,C005,life,MI,135.33,19754,454,6,6,248.82
2025-01-25,google,C001,auto,FL,172.9,20957,928,3,3,106.08
2025-01-25,google,C002,home,OH,180.4,25914,925,6,6,290.54
2025-01-25,meta,C003,auto,GA,169.25,17202,595,9,9,413.32
2025-01-25,meta,C004,health,FL,173.96,24062,765,8,8,497.85
2025-01-25,affiliate,C005,life,MI,63.25,8068,209,5,5,180.57
2025-01-26,google,C001,auto,CA,254.86,32620,715,9,9,515.18
2025-01-26,google,C002,home,OH,190.95,17666,755,9,9,555.63
2025-01-26,meta,C003,auto,TX,137.01,15085,330,4,4,245.2
2025-01-26,meta,C004,health,IL,153.46,14679,719,5,5,175.06
2025-01-26,affiliate,C005,life,OH,68.59,6752,245,8,8,484.5
2025-01-27,google,C001,auto,TX,434.22,36084,917,3,3,191.16
2025-01-27,google,C002,home,OH,369.55,36481,1566,8,8,311.36
2025-01-27,meta,C003,auto,TX,280.01,35759,1569,8,8,313.32
2025-01-27,meta,C004,health,IL,267.88,28628,1421,11,11,678.09
2025-01-27,affiliate,C005,life,OH,137.56,12356,563,10,10,550.63
2025-01-28,google,C001,auto,CA,420.16,54228,2636,9,9,387.82
2025-01-28,google,C002,home,NY,442.63,57787,3000,8,8,285.39
2025-01-28,meta,C003,auto,TX,267.46,30920,1817,7,7,386.16
2025-01-28,meta,C004,health,NC,193.85,23906,1241,8,8,406.51
2025-01-28,affiliate,C005,life,NY,119.23,9995,575,7,7,254.38
2025-01-29,google,C001,auto,TX,288.86,24249,1031,8,8,321.68
2025-01-29,google,C002,home,NY,430.33,36513,1431,11,11,477.22
2025-01-29,meta,C003,auto,GA,204.24,18052,948,15,15,706.03
2025-01-29,meta,C004,health,NC,254.26,37215,842,6,6,339.24
2025-01-29,affiliate,C005,life,OH,153.95,22617,635,3,3,114.1
2025-01-30,google,C001,auto,TX,429.7,53433,1747,4,4,216.68
2025-01-30,google,C002,home,NY,426.17,62858,3171,13,13,508.38
2025-01-30,meta,C003,auto,GA,277.98,28070,1604,7,7,441.94
2025-01-30,meta,C004,health,FL,232.28,21686,873,7,7,423.18
2025-01-30,affiliate,C005,life,MI,99.71,14720,881,7,7,334.92
2025-01-31,google,C001,auto,CA,404.31,41305,1021,7,7,347.42
2025-01-31,google,C002,home,OH,455.98,40654,1122,7,7,254.83
2025-01-31,meta,C003,auto,GA,248.86,26199,954,5,5,303.72
2025-01-31,meta,C004,health,IL,247.33,31849,1791,9,9,352.03
2025-01-31,affiliate,C005,life,OH,142.01,13340,405,8,8,355.67
2025-02-01,google,C001,auto,FL,213.89,23895,922,12,12,450.07
2025-02-01,google,C002,home,NY,228.39,30528,1690,6,6,268.99
2025-02-01,meta,C003,auto,TX,176.87,21285,718,7,7,283.97
2025-02-01,meta,C004,health,FL,170.06,13799,558,9,9,465.97
2025-02-01,affiliate,C005,life,MI,78.99,8286,308,8,8,406.58
2025-02-02,google,C001,auto,TX,255.78,29958,802,9,9,317.92
2025-02-02,google,C002,home,NY,188.57,23331,1397,13,13,681.71
2025-02-02,meta,C003,auto,CA,120.62,15456,483,4,4,157.09
2025-02-02,meta,C004,health,NC,155.0,15391,807,8,8,286.74
2025-02-02,affiliate,C005,life,NY,62.38,6970,367,8,8,433.88
2025-02-03,google,C001,auto,CA,385.25,44493,2479,8,8,463.94
2025-02-03,google,C002,home,NY,355.23,33300,1026,8,8,319.29
2025-02-03,meta,C003,auto,GA,224.92,27718,1192,6,6,226.03
2025-02-03,meta,C004,health,IL,196.72,23426,1253,2,2,86.38
2025-02-03,affiliate,C005,life,OH,109.29,11061,235,7,7,369.52
2025-02-04,google,C001,auto,FL,450.24,65702,2307,9,9,378.56
2025-02-04,google,C002,home,OH,304.34,39131,1993,10,10,363.23
2025-02-04,meta,C003,auto,TX,262.68,31278,1222,6,6,379.42
2025-02-04,meta,C004,health,FL,236.5,33757,1439,9,9,580.24
2025-02-04,affiliate,C005,life,OH,118.2,15061,820,7,7,389.05
2025-02-05,google,C001,auto,TX,332.23,29833,819,7,7,372.44
2025-02-05,google,C002,home,OH,462.54,42413,1776,9,9,377.16
2025-02-05,meta,C003,auto,GA,301.7,39512,2369,3,3,183.35
2025-02-05,meta,C004,health,FL,203.24,17796,369,11,11,421.33
2025-02-05,affiliate,C005,life,MI,101.49,11395,445,8,8,363.01
2025-02-06,google,C001,auto,CA,317.8,28882,1320,5,5,201.35
2025-02-06,google,C002,home,OH,320.23,35881,1246,15,16,951.65
2025-02-06,meta,C003,auto,GA,289.87,31973,1371,6,6,261.26
2025-02-06,meta,C004,health,IL,221.44,24762,679,16,16,743.71
2025-02-06,affiliate,C005,life,OH,152.43,18718,417,8,8,315.42
2025-02-07,google,C001,auto,CA,353.08,28381,1286,7,7,411.31
2025-02-07,google,C002,home,PA,393.01,50346,2002,6,6,298.76
2025-02-07,meta,C003,auto,CA,309.29,27528,1629,9,9,468.13
2025-02-07,meta,C004,health,FL,273.71,32698,823,5,5,282.44
2025-02-07,affiliate,C005,life,MI,129.54,19001,581,9,9,422.11
2025-02-08,google,C001,auto,CA,228.82,24182,655,7,7,347.1
2025-02-08,google,C002,home,NY,183.64,16062,551,6,6,245.25
2025-02-08,meta,C003,auto,CA,150.88,13308,484,5,5,233.85
2025-02-08,meta,C004,health,IL,119.71,14554,359,2,2,74.41
2025-02-08,affiliate,C005,life,OH,89.73,9780,341,12,12,687.08
2025-02-09,google,C001,auto,FL,175.02,14314,531,5,5,175.51
2025-02-09,google,C002,home,OH,261.02,30325,1099,15,15,616.12
2025-02-09,meta,C003,auto,GA,179.24,20275,978,9,9,366.4
2025-02-09,meta,C004,health,FL,136.89,11982,342,5,5,263.73
2025-02-09,affiliate,C005,life,NY,87.68,10718,396,6,6,246.77
2025-02-10,google,C001,auto,TX,360.76,48955,1650,8,8,368.35
2025-02-10,google,C002,home,OH,289.04,41085,2010,7,7,452.75
2025-02-10,meta,C003,auto,TX,248.21,26152,958,3,3,179.43
2025-02-10,meta,C004,health,NC,292.29,32897,1518,7,7,287.69
2025-02-10,affiliate,C005,life,MI,124.02,14698,574,10,10,534.58
2025-02-11,google,C001,auto,TX,369.38,31823,1801,6,6,275.93
2025-02-11,google,C002,home,NY,441.93,37048,2125,8,8,438.77
2025-02-11,meta,C003,auto,TX,193.19,25396,1380,12,12,581.85
2025-02-11,meta,C004,health,NC,278.02,38272,1029,6,6,211.92
2025-02-11,affiliate,C005,life,OH,101.78,10857,364,9,9,533.03
2025-02-12,google,C001,auto,FL,305.92,45872,2355,9,9,323.9
2025-02-12,google,C002,home,OH,345.78,29006,1029,8,8,448.28
2025-02-12,meta,C003,auto,GA,283.13,26927,640,7,7,272.15
2025-02-12,meta,C004,health,NC,197.76,22871,1051,5,5,246.19
2025-02-12,affiliate,C005,life,MI,110.07,9711,198,2,2,125.53
2025-02-13,google,C001,auto,TX,461.93,44943,2448,7,7,439.98
2025-02-13,google,C002,home,OH,437.72,65239,3470,9,9,471.82
2025-02-13,meta,C003,auto,CA,311.52,36886,1704,8,8,398.33
2025-02-13,meta,C004,health,FL,304.29,27441,744,6,6,286.32
2025-02-13,affiliate,C005,life,OH,96.16,12507,671,10,10,378.76
2025-02-14,google,C001,auto,CA,379.2,42463,850,3,3,117.92
2025-02-14,google,C002,home,OH,391.91,37785,2262,16,17,599.54
2025-02-14,meta,C003,auto,CA,258.28,21520,518,5,5,193.26
2025-02-14,meta,C004,health,FL,284.74,30468,906,7,7,252.75
2025-02-14,affiliate,C005,life,OH,119.91,11528,535,11,11,486.18
2025-02-15,google,C001,auto,FL,238.19,32938,1866,5,5,301.05
2025-02-15,google,C002,home,OH,238.43,32889,779,12,12,691.54
2025-02-15,meta,C003,auto,CA,149.12,18967,807,7,7,437.16
2025-02-15,meta,C004,health,IL,162.68,17581,583,6,6,349.48
2025-02-15,affiliate,C005,life,MI,75.4,10569,499,7,7,406.15
2025-02-16,google,C001,auto,TX,236.14,23602,1292,10,10,378.53
2025-02-16,google,C002,home,OH,226.59,33863,700,12,12,598.58
2025-02-16,meta,C003,auto,CA,167.0,20656,701,11,11,659.02
2025-02-16,meta,C004,health,NC,175.07,20920,1031,6,6,385.5
2025-02-16,affiliate,C005,life,MI,61.61,7352,338,4,4,206.52
2025-02-17,google,C001,auto,CA,359.2,42841,1777,9,9,417.03
2025-02-17,google,C002,home,PA,338.8,34315,1726,4,4,252.59
2025-02-17,meta,C003,auto,GA,271.36,24088,1173,6,6,257.47
2025-02-17,meta,C004,health,IL,219.93,22301,1279,3,3,126.28
2025-02-17,affiliate,C005,life,NY,151.85,12901,261,12,12,552.19
2025-02-18,google,C001,auto,FL,391.94,44728,2314,11,11,397.74
2025-02-18,google,C002,home,OH,404.94,56886,3347,11,11,575.26
2025-02-18,meta,C003,auto,TX,279.04,38937,1335,4,4,220.92
2025-02-18,meta,C004,health,NC,257.61,31221,1128,6,6,349.18
2025-02-18,affiliate,C005,life,MI,153.71,19179,1000,8,8,372.04
2025-02-19,google,C001,auto,TX,298.88,30962,1348,8,8,495.88
2025-02-19,google,C002,home,PA,420.88,38842,2095,4,4,241.19
2025-02-19,meta,C003,auto,CA,200.14,17797,485,9,9,390.84
2025-02-19,meta,C004,health,NC,213.86,24058,967,6,6,388.38
2025-02-19,affiliate,C005,life,NY,138.91,19271,441,8,8,366.71
2025-02-20,google,C001,auto,FL,446.11,47476,2180,7,7,289.41
2025-02-20,google,C002,home,NY,294.07,38157,1314,6,6,285.79
2025-02-20,meta,C003,auto,CA,202.3,30146,1316,7,7,361.48
2025-02-20,meta,C004,health,FL,287.47,26622,1357,6,6,215.19
2025-02-20,affiliate,C005,life,NY,102.7,12253,327,5,5,222.82
2025-02-21,google,C001,auto,FL,327.27,36975,2168,9,9,481.63
2025-02-21,google,C002,home,PA,359.16,37722,1570,13,13,730.83
2025-02-21,meta,C003,auto,TX,299.39,39543,2051,5,5,306.44
2025-02-21,meta,C004,health,NC,301.91,29065,1638,0,0,0.0
2025-02-21,affiliate,C005,life,OH,143.8,20380,784,8,8,399.05
2025-02-22,google,C001,auto,FL,203.3,22841,683,5,5,264.28
2025-02-22,google,C002,home,OH,176.27,21845,1074,7,7,365.21
2025-02-22,meta,C003,auto,TX,123.32,12697,541,7,7,245.76
2025-02-22,meta,C004,health,IL,179.49,25357,1237,5,5,313.93
2025-02-22,affiliate,C005,life,NY,73.05,10034,446,4,4,152.2
2025-02-23,google,C001,auto,CA,230.44,22801,1084,8,8,456.09
2025-02-23,google,C002,home,OH,247.3,22214,527,8,8,307.93
2025-02-23,meta,C003,auto,CA,153.99,13993,349,9,9,521.28
2025-02-23,meta,C004,health,FL,121.59,14317,809,12,12,687.44
2025-02-23,affiliate,C005,life,NY,64.59,5875,268,7,7,344.82
2025-02-24,google,C001,auto,TX,338.13,33326,864,7,7,324.3
2025-02-24,google,C002,home,OH,444.73,58845,1709,11,11,385.94
2025-02-24,meta,C003,auto,TX,200.55,27610,1232,5,5,267.12
2025-02-24,meta,C004,health,NC,263.77,21164,684,7,7,273.22
2025-02-24,affiliate,C005,life,NY,133.34,12516,347,9,9,367.27
2025-02-25,google,C001,auto,CA,453.51,43568,1776,6,6,253.37
2025-02-25,google,C002,home,OH,307.09,32027,1815,2,2,120.29
2025-02-25,meta,C003,auto,TX,303.29,41823,1007,7,7,319.74
2025-02-25,meta,C004,health,IL,265.93,37300,1777,7,7,334.91
2025-02-25,affiliate,C005,life,OH,144.32,18700,577,6,6,229.96
2025-02-26,google,C001,auto,CA,327.25,28012,1506,8,8,466.5
2025-02-26,google,C002,home,NY,351.96,40523,1300,4,4,217.45
2025-02-26,meta,C003,auto,CA,205.63,28259,981,5,5,211.94
2025-02-26,meta,C004,health,NC,194.46,21888,922,5,5,235.54
2025-02-26,affiliate,C005,life,NY,143.76,21072,427,16,16,973.08
2025-02-27,google,C001,auto,TX,368.76,48154,1249,5,5,180.61
2025-02-27,google,C002,home,NY,328.98,32670,1135,8,8,473.74
2025-02-27,meta,C003,auto,GA,254.07,20387,1037,4,4,181.34
2025-02-27,meta,C004,health,NC,276.18,41084,2361,4,4,259.06
2025-02-27,affiliate,C005,life,OH,148.68,13736,562,7,7,402.25
2025-02-28,google,C001,auto,FL,333.98,45636,2349,4,4,233.15
2025-02-28,google,C002,home,NY,435.18,35154,813,9,9,565.88
2025-02-28,meta,C003,auto,TX,220.04,24678,1033,6,6,218.94
2025-02-28,meta,C004,health,IL,255.51,25197,561,6,6,319.56
2025-02-28,affiliate,C005,life,MI,139.07,13973,374,4,4,160.82
2025-03-01,google,C001,auto,FL,231.83,29871,1199,8,8,286.52
2025-03-01,google,C002,home,OH,257.45,37271,1455,10,10,351.58
2025-03-01,meta,C003,auto,GA,171.47,20272,983,6,6,288.86
2025-03-01,meta,C004,health,NC,164.51,21417,1119,3,3,133.64
2025-03-01,affiliate,C005,life,MI,75.44,8368,344,4,4,205.32
2025-03-02,google,C001,auto,TX,262.94,23950,1241,7,7,299.14
2025-03-02,google,C002,home,NY,232.2,33586,900,14,14,633.07
2025-03-02,meta,C003,auto,GA,148.97,15525,884,6,6,357.07
2025-03-02,meta,C004,health,IL,133.48,14636,771,7,7,322.51
2025-03-02,affiliate,C005,life,OH,75.42,10299,298,5,5,202.68
2025-03-03,google,C001,auto,TX,316.54,41471,2126,8,8,313.6
2025-03-03,google,C002,home,PA,343.06,36872,1190,3,3,123.11
2025-03-03,meta,C003,auto,TX,261.14,33365,793,11,11,590.19
2025-03-03,meta,C004,health,IL,264.95,29420,1752,5,5,269.33
2025-03-03,affiliate,C005,life,NY,141.07,11944,568,7,7,292.39
2025-03-04,google,C001,auto,TX,460.43,60346,1656,9,9,323.56
2025-03-04,google,C002,home,NY,434.49,52433,1361,9,9,529.69
2025-03-04,meta,C003,auto,CA,195.35,25764,1541,13,13,680.9
2025-03-04,meta,C004,health,NC,227.1,26118,1116,8,8,323.67
2025-03-04,affiliate,C005,life,OH,115.84,16474,939,8,8,358.66
2025-03-05,google,C001,auto,TX,441.15,61861,3532,8,8,343.16
2025-03-05,google,C002,home,OH,308.64,39064,1556,11,11,484.73
2025-03-05,meta,C003,auto,TX,238.19,30853,621,4,4,229.82
2025-03-05,meta,C004,health,FL,262.65,26508,1254,8,8,472.1
2025-03-05,affiliate,C005,life,MI,105.35,10562,464,3,3,167.55
2025-03-06,google,C001,auto,TX,343.45,45179,2256,9,9,440.72
2025-03-06,google,C002,home,NY,432.69,63151,2976,7,7,395.63
2025-03-06,meta,C003,auto,CA,235.72,21031,438,4,4,192.15
2025-03-06,meta,C004,health,NC,238.56,25862,1236,10,10,598.81
2025-03-06,affiliate,C005,life,OH,118.54,12713,442,10,10,530.07
2025-03-07,google,C001,auto,CA,361.32,42689,1731,13,13,631.5
2025-03-07,google,C002,home,PA,432.88,41307,1964,6,6,213.81
2025-03-07,meta,C003,auto,GA,236.82,30770,1825,8,8,309.68
2025-03-07,meta,C004,health,NC,214.71,26408,975,6,6,359.26
2025-03-07,affiliate,C005,life,OH,101.01,13414,309,6,6,238.04
2025-03-08,google,C001,auto,FL,248.63,32013,692,8,8,392.45
2025-03-08,google,C002,home,OH,200.17,24228,804,10,10,613.47
2025-03-08,meta,C003,auto,CA,130.0,17336,440,9,9,461.12
2025-03-08,meta,C004,health,FL,144.22,18072,549,7,7,375.71
2025-03-08,affiliate,C005,life,OH,75.67,6919,190,7,7,449.38
2025-03-09,google,C001,auto,CA,218.02,22431,1022,8,8,410.14
2025-03-09,google,C002,home,OH,202.34,19715,696,10,10,594.69
2025-03-09,meta,C003,auto,CA,166.39,20118,995,6,6,381.99
2025-03-09,meta,C004,health,NC,123.42,16747,808,3,3,194.93
2025-03-09,affiliate,C005,life,OH,56.96,5662,195,8,8,349.51
2025-03-10,google,C001,auto,FL,374.55,49053,2785,7,7,344.96
2025-03-10,google,C002,home,PA,299.76,26942,1136,7,7,324.28
2025-03-10,meta,C003,auto,GA,281.08,37058,1670,9,9,369.77
2025-03-10,meta,C004,health,IL,257.62,36008,1053,4,4,200.54
2025-03-10,affiliate,C005,life,OH,100.33,14458,295,7,7,365.97
2025-03-11,google,C001,auto,FL,410.61,51047,2915,8,8,467.98
2025-03-11,google,C002,home,NY,421.52,62945,3312,6,6,260.66
2025-03-11,meta,C003,auto,TX,216.07,30141,1491,12,12,579.81
2025-03-11,meta,C004,health,FL,285.94,35806,1079,4,4,186.94
2025-03-11,affiliate,C005,life,MI,155.34,19622,1077,6,6,265.22
2025-03-12,google,C001,auto,TX,438.0,61897,2166,7,7,308.04
2025-03-12,google,C002,home,OH,315.72,43603,2111,10,10,608.13
2025-03-12,meta,C003,auto,GA,211.65,26768,1136,10,10,415.51
2025-03-12,meta,C004,health,FL,265.08,28059,607,5,5,315.13
2025-03-12,affiliate,C005,life,MI,152.47,14815,829,8,8,291.88
2025-03-13,google,C001,auto,TX,318.46,27332,1519,12,12,671.87
2025-03-13,google,C002,home,NY,311.01,40100,2376,8,8,434.88
2025-03-13,meta,C003,auto,TX,305.5,45071,1245,7,7,274.07
2025-03-13,meta,C004,health,NC,288.55,41905,2493,11,11,458.03
2025-03-13,affiliate,C005,life,NY,116.91,15606,796,8,8,443.19
2025-03-14,google,C001,auto,TX,327.25,30012,819,9,9,471.4
2025-03-14,google,C002,home,NY,423.3,55222,3242,9,9,428.35
2025-03-14,meta,C003,auto,TX,199.61,16283,844,5,5,284.73
2025-03-14,meta,C004,health,FL,280.85,32742,1113,6,6,336.23
2025-03-14,affiliate,C005,life,MI,117.4,9988,229,8,8,483.63
2025-03-15,google,C001,auto,CA,183.37,21252,717,4,4,196.34
2025-03-15,google,C002,home,OH,171.17,22945,536,7,7,320.48
2025-03-15,meta,C003,auto,GA,145.79,21300,922,3,3,159.49
2025-03-15,meta,C004,health,NC,163.88,22104,499,5,5,306.36
2025-03-15,affiliate,C005,life,MI,80.74,10867,343,6,6,265.11
2025-03-16,google,C001,auto,CA,197.26,20494,682,8,8,498.31
2025-03-16,google,C002,home,OH,172.03,18097,427,9,9,535.45
2025-03-16,meta,C003,auto,GA,148.47,12803,548,5,5,213.38
2025-03-16,meta,C004,health,NC,137.92,15752,668,9,9,493.36
2025-03-16,affiliate,C005,life,OH,56.38,6899,290,5,5,204.26
2025-03-17,google,C001,auto,TX,437.74,56484,1630,4,4,231.76
2025-03-17,google,C002,home,NY,311.93,25863,888,13,13,466.55
2025-03-17,meta,C003,auto,GA,216.64,23181,645,4,4,237.71
2025-03-17,meta,C004,health,FL,232.26,26959,1135,6,6,364.17
2025-03-17,affiliate,C005,life,OH,140.94,13282,778,8,8,312.97
2025-03-18,google,C001,auto,TX,449.85,51810,1687,5,5,275.16
2025-03-18,google,C002,home,NY,345.43,43838,1459,12,12,691.75
2025-03-18,meta,C003,auto,GA,202.39,25936,1031,5,5,300.74
2025-03-18,meta,C004,health,IL,263.51,33046,1271,12,12,766.98
2025-03-18,affiliate,C005,life,MI,145.49,15971,526,11,11,638.12
2025-03-19,google,C001,auto,FL,323.04,34465,2049,9,9,578.42
2025-03-19,google,C002,home,PA,380.09,48041,2689,12,12,724.56
2025-03-19,meta,C003,auto,TX,272.69,34013,1591,6,6,327.69
2025-03-19,meta,C004,health,IL,254.96,31897,1468,7,7,379.65
2025-03-19,affiliate,C005,life,NY,151.4,14168,320,13,13,511.96
2025-03-20,google,C001,auto,FL,327.51,28964,690,14,15,754.87
2025-03-20,google,C002,home,PA,428.63,45887,2088,8,8,322.59
2025-03-20,meta,C003,auto,GA,258.33,21061,845,11,11,421.28
2025-03-20,meta,C004,health,NC,305.27,29508,923,10,10,550.08
2025-03-20,affiliate,C005,life,MI,145.8,21685,583,5,5,224.71
2025-03-21,google,C001,auto,CA,297.61,27078,1003,18,18,1161.41
2025-03-21,google,C002,home,NY,444.87,57697,1311,6,6,324.88
2025-03-21,meta,C003,auto,TX,250.67,25924,563,9,9,341.93
2025-03-21,meta,C004,health,NC,235.75,27393,1590,8,8,333.36
2025-03-21,affiliate,C005,life,NY,107.02,8770,361,3,3,182.51
2025-03-22,google,C001,auto,TX,232.31,23970,665,5,5,205.8
2025-03-22,google,C002,home,OH,259.07,29933,1335,9,9,504.58
2025-03-22,meta,C003,auto,TX,159.5,22551,519,12,12,539.82
2025-03-22,meta,C004,health,FL,126.94,17679,589,7,7,421.61
2025-03-22,affiliate,C005,life,NY,86.01,9542,502,8,8,284.57
2025-03-23,google,C001,auto,CA,198.86,21524,1065,6,6,353.0
2025-03-23,google,C002,home,OH,227.08,20864,720,5,5,208.6
2025-03-23,meta,C003,auto,GA,181.98,23417,575,10,10,603.59
2025-03-23,meta,C004,health,FL,170.52,14587,450,8,8,440.11
2025-03-23,affiliate,C005,life,OH,78.8,9778,495,6,6,254.98
2025-03-24,google,C001,auto,CA,405.96,38559,1692,6,6,340.41
2025-03-24,google,C002,home,NY,464.73,50604,1021,9,9,534.28
2025-03-24,meta,C003,auto,CA,245.19,23999,735,4,4,224.27
2025-03-24,meta,C004,health,IL,203.11,27893,1331,3,3,114.09
2025-03-24,affiliate,C005,life,OH,117.28,9937,266,10,10,580.29
2025-03-25,google,C001,auto,TX,365.36,32696,989,11,11,430.81
2025-03-25,google,C002,home,NY,340.5,29360,1266,5,5,177.21
2025-03-25,meta,C003,auto,TX,251.06,33202,983,9,9,453.25
2025-03-25,meta,C004,health,IL,258.2,23211,513,7,7,320.11
2025-03-25,affiliate,C005,life,OH,139.92,11487,571,10,10,618.0
2025-03-26,google,C001,auto,CA,328.21,42561,1726,15,15,658.57
2025-03-26,google,C002,home,OH,378.47,35365,1909,15,15,682.06
2025-03-26,meta,C003,auto,CA,250.1,30228,1169,0,0,0.0
2025-03-26,meta,C004,health,IL,298.78,30949,734,3,3,183.63
2025-03-26,affiliate,C005,life,OH,124.46,16703,743,5,5,236.98
2025-03-27,google,C001,auto,CA,366.02,29804,1221,7,7,357.05
2025-03-27,google,C002,home,OH,329.94,44114,1625,10,10,589.0
2025-03-27,meta,C003,auto,GA,311.32,46345,1437,7,7,331.0
2025-03-27,meta,C004,health,IL,306.24,26773,621,3,3,164.25
2025-03-27,affiliate,C005,life,OH,97.56,13677,623,12,12,601.96
2025-03-28,google,C001,auto,FL,420.53,49691,2495,3,3,178.2
2025-03-28,google,C002,home,PA,351.08,48480,1607,11,11,627.32
2025-03-28,meta,C003,auto,TX,265.38,21606,1295,7,7,371.19
2025-03-28,meta,C004,health,FL,300.47,30921,897,4,4,163.33
2025-03-28,affiliate,C005,life,NY,108.06,9921,364,6,6,311.97
2025-03-29,google,C001,auto,FL,214.01,19488,516,11,11,497.09
2025-03-29,google,C002,home,NY,264.81,21537,560,9,9,518.89
2025-03-29,meta,C003,auto,CA,123.92,17636,871,5,5,243.37
2025-03-29,meta,C004,health,FL,181.75,25122,1027,6,6,287.22
2025-03-29,affiliate,C005,life,OH,77.27,7734,205,5,5,268.55
2025-03-30,google,C001,auto,CA,246.02,26836,1581,6,6,218.36
2025-03-30,google,C002,home,NY,195.21,19910,893,11,11,607.16
2025-03-30,meta,C003,auto,CA,154.66,21476,1127,5,5,288.65
2025-03-30,meta,C004,health,IL,117.46,15727,497,6,6,248.31
2025-03-30,affiliate,C005,life,OH,84.3,7363,287,5,5,302.34
2025-03-31,google,C001,auto,TX,357.08,50534,2811,9,9,353.04
2025-03-31,google,C002,home,OH,423.36,50741,2717,4,4,195.79
2025-03-31,meta,C003,auto,GA,230.33,27508,1059,5,5,299.96
2025-03-31,meta,C004,health,NC,250.3,35367,953,6,6,231.41
2025-03-31,affiliate,C005,life,OH,152.35,21155,830,13,13,469.74
2025-04-01,google,C001,auto,CA,340.96,37145,1862,15,16,1027.1
2025-04-01,google,C002,home,PA,390.97,43203,884,7,7,414.76
2025-04-01,meta,C003,auto,TX,268.4,23680,1224,5,5,212.3
2025-04-01,meta,C004,health,FL,223.05,23832,922,5,5,186.29
2025-04-01,affiliate,C005,life,NY,140.98,12729,660,11,11,625.54
2025-04-02,google,C001,auto,TX,309.98,40991,1571,7,7,442.32
2025-04-02,google,C002,home,NY,393.19,49598,1357,10,10,404.21
2025-04-02,meta,C003,auto,GA,290.61,37320,2078,12,12,446.0
2025-04-02,meta,C004,health,NC,219.86,19225,595,6,6,242.38
2025-04-02,affiliate,C005,life,OH,155.23,17175,364,11,11,488.76
2025-04-03,google,C001,auto,TX,367.37,31713,1078,10,10,516.69
2025-04-03,google,C002,home,PA,360.63,35070,2056,7,7,337.73
2025-04-03,meta,C003,auto,TX,205.97,28936,839,5,5,262.35
2025-04-03,meta,C004,health,FL,251.06,30843,848,5,5,313.47
2025-04-03,affiliate,C005,life,NY,113.66,11966,431,13,13,502.59
2025-04-04,google,C001,auto,TX,350.17,29170,1018,11,11,642.88
2025-04-04,google,C002,home,OH,371.6,39516,1569,15,15,957.96
2025-04-04,meta,C003,auto,CA,274.3,23629,677,12,12,565.86
2025-04-04,meta,C004,health,FL,258.31,37526,1485,6,6,220.44
2025-04-04,affiliate,C005,life,MI,97.36,11997,554,8,8,430.42
2025-04-05,google,C001,auto,FL,196.72,26825,742,7,7,416.21
2025-04-05,google,C002,home,PA,181.96,22243,769,6,6,372.62
2025-04-05,meta,C003,auto,TX,178.71,19287,796,6,6,333.56
2025-04-05,meta,C004,health,FL,115.75,13493,464,6,6,344.86
2025-04-05,affiliate,C005,life,MI,59.75,8002,303,7,7,373.3
2025-04-06,google,C001,auto,CA,201.13,20261,842,7,7,321.07
2025-04-06,google,C002,home,OH,216.55,18022,803,4,4,203.74
2025-04-06,meta,C003,auto,CA,113.51,15479,571,8,8,352.27
2025-04-06,meta,C004,health,FL,143.95,17619,397,8,8,329.97
2025-04-06,affiliate,C005,life,NY,81.79,7352,305,7,7,446.7
2025-04-07,google,C001,auto,FL,409.89,42171,2449,12,12,525.77
2025-04-07,google,C002,home,PA,348.11,39670,1456,7,7,411.45
2025-04-07,meta,C003,auto,CA,192.68,21709,988,7,7,351.2
2025-04-07,meta,C004,health,NC,299.71,41095,2044,6,6,323.68
2025-04-07,affiliate,C005,life,OH,101.15,14123,340,9,9,475.57
2025-04-08,google,C001,auto,CA,415.82,51498,1999,3,3,152.5
2025-04-08,google,C002,home,NY,320.21,25646,698,8,8,339.3
2025-04-08,meta,C003,auto,TX,242.12,32843,1821,5,5,297.43
2025-04-08,meta,C004,health,NC,280.89,38290,893,3,3,182.47
2025-04-08,affiliate,C005,life,NY,134.92,16877,953,10,10,535.29
2025-04-09,google,C001,auto,CA,368.2,35003,793,3,3,140.37
2025-04-09,google,C002,home,OH,350.61,46061,1726,10,10,568.71
2025-04-09,meta,C003,auto,TX,248.03,27839,1426,5,5,289.79
2025-04-09,meta,C004,health,NC,296.37,34303,1565,10,10,417.61
2025-04-09,affiliate,C005,life,OH,119.03,11421,462,9,9,364.05
2025-04-10,google,C001,auto,TX,299.88,31887,972,5,5,240.99
2025-04-10,google,C002,home,OH,448.1,49774,1422,6,6,336.22
2025-04-10,meta,C003,auto,TX,290.03,35244,1997,6,6,286.12
2025-04-10,meta,C004,health,IL,309.25,38089,1139,6,6,339.88
2025-04-10,affiliate,C005,life,MI,119.98,14238,305,7,7,364.72
2025-04-11,google,C001,auto,TX,357.97,44005,1070,7,7,280.29
2025-04-11,google,C002,home,OH,389.36,56393,3001,13,13,560.42
2025-04-11,meta,C003,auto,GA,236.25,19887,585,5,5,266.2
2025-04-11,meta,C004,health,NC,307.91,40385,944,9,9,571.59
2025-04-11,affiliate,C005,life,OH,123.09,13694,488,5,5,300.13
2025-04-12,google,C001,auto,FL,207.03,28547,1593,7,7,355.27
2025-04-12,google,C002,home,PA,181.33,19958,656,8,8,476.52
2025-04-12,meta,C003,auto,CA,175.83,20934,1243,8,8,365.25
2025-04-12,meta,C004,health,FL,157.02,22275,1190,8,8,342.52
2025-04-12,affiliate,C005,life,OH,80.87,9669,400,5,5,269.25
2025-04-13,google,C001,auto,FL,187.54,26125,1257,10,10,374.01
2025-04-13,google,C002,home,NY,215.43,32069,1560,13,13,593.03
2025-04-13,meta,C003,auto,TX,116.48,16594,385,4,4,197.35
2025-04-13,meta,C004,health,IL,170.13,17698,419,7,7,264.63
2025-04-13,affiliate,C005,life,MI,63.48,5225,181,8,8,451.38
2025-04-14,google,C001,auto,FL,340.23,42858,1731,14,14,576.55
2025-04-14,google,C002,home,OH,289.66,30343,889,10,10,520.14
2025-04-14,meta,C003,auto,CA,275.03,22363,521,6,6,359.86
2025-04-14,meta,C004,health,NC,307.55,29305,721,4,4,142.29
2025-04-14,affiliate,C005,life,NY,97.31,13104,539,6,6,330.88
2025-04-15,google,C001,auto,TX,354.37,37461,1122,8,8,372.64
2025-04-15,google,C002,home,NY,403.93,55673,2118,10,10,419.27
2025-04-15,meta,C003,auto,GA,240.99,31109,1050,6,6,267.38
2025-04-15,meta,C004,health,NC,236.37,22485,751,5,5,231.85
2025-04-15,affiliate,C005,life,NY,154.54,22673,1131,12,12,441.62
2025-04-16,google,C001,auto,FL,356.56,42780,1396,14,14,759.03
2025-04-16,google,C002,home,OH,320.87,38637,843,6,6,380.87
2025-04-16,meta,C003,auto,CA,255.64,23397,1193,7,7,248.65
2025-04-16,meta,C004,health,IL,198.96,29661,1329,4,4,243.45
2025-04-16,affiliate,C005,life,MI,96.0,13933,411,7,7,412.45
2025-04-17,google,C001,auto,CA,411.28,33745,1564,13,13,468.38
2025-04-17,google,C002,home,PA,372.25,47996,1690,11,11,387.57
2025-04-17,meta,C003,auto,CA,256.87,25858,1230,6,6,334.01
2025-04-17,meta,C004,health,IL,201.64,17463,419,5,5,302.28
2025-04-17,affiliate,C005,life,OH,132.76,11270,302,10,10,511.46
2025-04-18,google,C001,auto,TX,337.67,46343,1497,14,14,788.55
2025-04-18,google,C002,home,OH,402.77,53091,1712,9,9,508.24
2025-04-18,meta,C003,auto,TX,200.75,28060,603,5,5,261.95
2025-04-18,meta,C004,health,NC,203.26,19042,599,6,6,255.13
2025-04-18,affiliate,C005,life,MI,144.56,15724,648,5,5,293.32
2025-04-19,google,C001,auto,TX,231.03,19121,424,6,6,329.66
2025-04-19,google,C002,home,OH,236.93,32178,1056,5,5,272.05
2025-04-19,meta,C003,auto,GA,143.52,19311,950,6,6,314.74
2025-04-19,meta,C004,health,IL,143.66,18274,858,7,7,343.57
2025-04-19,affiliate,C005,life,OH,78.06,7308,421,7,7,293.24
2025-04-20,google,C001,auto,FL,260.58,28255,1138,11,11,488.36
2025-04-20,google,C002,home,NY,216.76,29977,867,13,13,528.45
2025-04-20,meta,C003,auto,TX,170.7,21162,1139,7,7,318.55
2025-04-20,meta,C004,health,FL,168.69,20662,424,5,5,228.21
2025-04-20,affiliate,C005,life,OH,56.23,6774,183,7,7,326.13
2025-04-21,google,C001,auto,CA,381.28,39328,920,8,8,295.58
2025-04-21,google,C002,home,NY,373.3,40961,1013,6,6,262.11
2025-04-21,meta,C003,auto,CA,225.24,25034,611,7,7,262.48
2025-04-21,meta,C004,health,NC,275.88,23953,1259,8,8,289.09
2025-04-21,affiliate,C005,life,MI,123.0,17772,374,6,6,346.24
2025-04-22,google,C001,auto,TX,401.12,36074,1484,13,13,488.83
2025-04-22,google,C002,home,OH,400.99,33454,1449,11,11,418.17
2025-04-22,meta,C003,auto,GA,245.22,36486,1937,5,5,256.25
2025-04-22,meta,C004,health,IL,260.7,30657,821,5,5,176.21
2025-04-22,affiliate,C005,life,MI,113.03,9861,258,7,7,424.7
2025-04-23,google,C001,auto,FL,328.48,47987,2369,11,11,465.16
2025-04-23,google,C002,home,OH,366.72,53714,3078,14,14,882.0
2025-04-23,meta,C003,auto,GA,267.55,34167,991,3,3,176.45
2025-04-23,meta,C004,health,NC,213.66,31700,1306,8,8,336.4
2025-04-23,affiliate,C005,life,OH,103.32,11305,518,7,7,371.5
2025-04-24,google,C001,auto,FL,380.1,33049,1794,7,7,333.83
2025-04-24,google,C002,home,OH,402.19,40781,1288,8,8,310.91
2025-04-24,meta,C003,auto,GA,235.56,20554,849,5,5,318.44
2025-04-24,meta,C004,health,FL,295.35,37677,1254,2,2,109.67
2025-04-24,affiliate,C005,life,MI,105.62,11677,384,6,6,363.59
2025-04-25,google,C001,auto,TX,419.82,35460,1589,6,6,279.71
2025-04-25,google,C002,home,OH,364.68,48309,2533,8,8,444.11
2025-04-25,meta,C003,auto,TX,277.15,37045,1104,3,3,136.63
2025-04-25,meta,C004,health,NC,257.47,25662,749,4,4,176.81
2025-04-25,affiliate,C005,life,OH,149.44,18398,553,9,9,553.5
2025-04-26,google,C001,auto,FL,194.84,20291,874,8,8,458.81
2025-04-26,google,C002,home,PA,221.85,18299,931,8,8,344.76
2025-04-26,meta,C003,auto,GA,132.08,16133,901,11,11,421.09
2025-04-26,meta,C004,health,FL,146.09,12965,302,6,6,247.27
2025-04-26,affiliate,C005,life,MI,79.97,11483,634,9,9,437.08
2025-04-27,google,C001,auto,FL,184.79,26347,1404,11,11,557.73
2025-04-27,google,C002,home,OH,232.01,33501,728,10,10,450.65
2025-04-27,meta,C003,auto,GA,152.28,13391,401,4,4,230.18
2025-04-27,meta,C004,health,FL,163.11,20046,521,5,5,243.79
2025-04-27,affiliate,C005,life,NY,89.92,11058,578,7,7,405.53
2025-04-28,google,C001,auto,FL,409.87,48583,2582,15,15,734.47
2025-04-28,google,C002,home,NY,354.2,35652,723,5,5,304.02
2025-04-28,meta,C003,auto,GA,309.54,39103,1885,2,2,125.55
2025-04-28,meta,C004,health,NC,272.78,33114,739,6,6,233.63
2025-04-28,affiliate,C005,life,MI,154.22,18069,739,5,5,304.43
2025-04-29,google,C001,auto,FL,443.91,45289,2379,8,8,306.8
2025-04-29,google,C002,home,NY,464.62,46561,2002,8,8,350.31
2025-04-29,meta,C003,auto,TX,210.17,30431,1304,5,5,184.34
2025-04-29,meta,C004,health,FL,241.38,30368,809,13,13,687.64
2025-04-29,affiliate,C005,life,MI,98.01,14243,549,5,5,223.35
2025-04-30,google,C001,auto,TX,330.28,43047,2501,6,6,261.82
2025-04-30,google,C002,home,NY,334.54,37357,1899,8,8,367.12
2025-04-30,meta,C003,auto,CA,204.34,26931,1180,3,3,149.43
2025-04-30,meta,C004,health,NC,260.2,37639,2118,7,7,332.27
2025-04-30,affiliate,C005,life,MI,153.54,21621,893,11,11,687.8
2025-05-01,google,C001,auto,FL,310.04,25719,1036,5,5,236.51
2025-05-01,google,C002,home,NY,403.43,58290,1739,9,9,578.55
2025-05-01,meta,C003,auto,TX,278.44,29536,1579,7,7,442.89
2025-05-01,meta,C004,health,NC,286.27,27294,1416,10,10,645.93
2025-05-01,affiliate,C005,life,OH,107.15,12707,355,10,10,500.44
2025-05-02,google,C001,auto,FL,291.35,33229,1733,4,4,210.69
2025-05-02,google,C002,home,PA,417.9,54616,2855,10,10,379.48
2025-05-02,meta,C003,auto,TX,282.69,27460,948,4,4,175.51
2025-05-02,meta,C004,health,NC,198.33,28414,1512,6,6,261.91
2025-05-02,affiliate,C005,life,MI,112.5,15900,602,6,6,219.08
2025-05-03,google,C001,auto,CA,238.23,24148,1434,8,8,517.91
2025-05-03,google,C002,home,PA,232.77,19973,416,9,9,368.27
2025-05-03,meta,C003,auto,TX,143.93,14389,649,5,5,183.24
2025-05-03,meta,C004,health,FL,165.86,14703,506,9,9,385.64
2025-05-03,affiliate,C005,life,MI,67.41,7541,384,8,8,419.47
2025-05-04,google,C001,auto,CA,203.34,19383,640,3,3,106.67
2025-05-04,google,C002,home,NY,203.78,18473,769,5,5,240.93
2025-05-04,meta,C003,auto,GA,163.17,23205,1144,3,3,110.49
2025-05-04,meta,C004,health,NC,171.27,17551,1019,12,12,642.91
2025-05-04,affiliate,C005,life,OH,88.69,7370,275,8,8,352.23
2025-05-05,google,C001,auto,TX,406.71,55161,1733,6,6,343.94
2025-05-05,google,C002,home,OH,423.52,55518,1891,7,7,413.32
2025-05-05,meta,C003,auto,GA,243.4,25825,722,6,6,364.05
2025-05-05,meta,C004,health,IL,260.49,30096,743,12,12,646.94
2025-05-05,affiliate,C005,life,NY,132.86,15722,342,7,7,450.67
2025-05-06,google,C001,auto,FL,324.07,44606,1933,7,7,304.48
2025-05-06,google,C002,home,NY,427.56,49391,1365,12,12,479.26
2025-05-06,meta,C003,auto,TX,244.81,25495,937,5,5,285.98
2025-05-06,meta,C004,health,NC,223.5,23645,518,7,7,331.73
2025-05-06,affiliate,C005,life,NY,103.61,10946,258,7,7,276.42
2025-05-07,google,C001,auto,CA,343.87,28073,1369,13,13,659.94
2025-05-07,google,C002,home,NY,367.64,47399,1621,13,13,631.49
2025-05-07,meta,C003,auto,GA,218.73,19707,532,5,5,177.98
2025-05-07,meta,C004,health,IL,290.9,26756,1324,6,6,293.57
2025-05-07,affiliate,C005,life,OH,147.45,21103,580,6,6,362.27
2025-05-08,google,C001,auto,FL,320.09,44306,2108,9,9,579.13
2025-05-08,google,C002,home,NY,311.21,26120,1194,7,7,279.08
2025-05-08,meta,C003,auto,TX,214.08,26366,1305,2,2,126.89
2025-05-08,meta,C004,health,NC,204.21,27256,1018,17,18,835.19
2025-05-08,affiliate,C005,life,NY,121.09,16478,945,11,11,505.96
2025-05-09,google,C001,auto,FL,465.7,37868,1485,8,8,467.53
2025-05-09,google,C002,home,OH,388.61,51974,2930,10,10,546.38
2025-05-09,meta,C003,auto,CA,278.13,25156,517,10,10,495.89
2025-05-09,meta,C004,health,FL,250.75,24810,776,11,11,595.52
2025-05-09,affiliate,C005,life,NY,97.06,12852,661,6,6,354.24
2025-05-10,google,C001,auto,CA,181.47,21507,1188,12,12,594.9
2025-05-10,google,C002,home,NY,227.95,25340,771,7,7,360.16
2025-05-10,meta,C003,auto,CA,181.76,20919,1003,6,6,226.85
2025-05-10,meta,C004,health,IL,155.06,18057,913,7,7,386.43
2025-05-10,affiliate,C005,life,MI,76.02,7912,326,4,4,145.57
2025-05-11,google,C001,auto,CA,197.11,21950,1211,9,9,560.27
2025-05-11,google,C002,home,PA,214.96,24257,1211,8,8,485.57
2025-05-11,meta,C003,auto,GA,122.13,17961,1030,9,9,355.15
2025-05-11,meta,C004,health,IL,125.97,10641,624,4,4,231.22
2025-05-11,affiliate,C005,life,MI,86.85,11949,385,10,10,465.95
2025-05-12,google,C001,auto,TX,463.49,37600,1526,8,8,355.92
2025-05-12,google,C002,home,PA,323.93,31254,666,9,9,346.49
2025-05-12,meta,C003,auto,GA,301.87,37045,1845,7,7,376.42
2025-05-12,meta,C004,health,NC,305.95,41851,1947,5,5,254.3
2025-05-12,affiliate,C005,life,MI,103.14,13357,633,4,4,155.3
2025-05-13,google,C001,auto,CA,441.33,59651,3345,12,12,545.08
2025-05-13,google,C002,home,PA,321.13,28371,793,8,8,373.45
2025-05-13,meta,C003,auto,GA,278.27,31820,765,4,4,196.69
2025-05-13,meta,C004,health,NC,206.33,18749,630,6,6,389.62
2025-05-13,affiliate,C005,life,MI,128.21,18023,1056,5,5,182.83
2025-05-14,google,C001,auto,TX,449.37,44174,969,6,6,378.03
2025-05-14,google,C002,home,PA,460.17,37397,1550,9,9,326.28
2025-05-14,meta,C003,auto,TX,272.29,40145,1712,8,8,472.36
2025-05-14,meta,C004,health,FL,207.09,29117,1085,3,3,171.76
2025-05-14,affiliate,C005,life,NY,138.69,12197,725,13,13,590.83
2025-05-15,google,C001,auto,FL,368.87,35103,887,8,8,404.11
2025-05-15,google,C002,home,PA,379.24,34814,785,9,9,475.14
2025-05-15,meta,C003,auto,TX,299.55,34620,853,11,11,631.33
2025-05-15,meta,C004,health,NC,212.82,20649,427,11,11,599.96
2025-05-15,affiliate,C005,life,OH,131.87,13315,338,5,5,239.58
2025-05-16,google,C001,auto,CA,308.66,39225,1374,14,14,813.31
2025-05-16,google,C002,home,PA,436.47,36534,791,6,6,353.44
2025-05-16,meta,C003,auto,CA,229.89,30385,1009,3,3,149.45
2025-05-16,meta,C004,health,FL,232.52,24701,1098,10,10,563.74
2025-05-16,affiliate,C005,life,OH,154.9,20532,1168,9,9,381.3
2025-05-17,google,C001,auto,TX,202.49,20973,946,7,7,271.44
2025-05-17,google,C002,home,OH,222.28,25789,939,10,10,439.33
2025-05-17,meta,C003,auto,CA,126.32,11078,636,6,6,386.64
2025-05-17,meta,C004,health,NC,159.76,14616,656,12,12,606.9
2025-05-17,affiliate,C005,life,MI,80.47,6465,194,8,8,437.23
2025-05-18,google,C001,auto,FL,228.36,24044,1325,9,9,465.12
2025-05-18,google,C002,home,PA,254.15,30375,756,5,5,240.41
2025-05-18,meta,C003,auto,TX,124.3,17519,732,3,3,120.57
2025-05-18,meta,C004,health,FL,118.0,14392,689,7,7,307.33
2025-05-18,affiliate,C005,life,OH,77.78,8768,182,12,12,533.32
2025-05-19,google,C001,auto,TX,377.7,37910,1952,7,7,316.16
2025-05-19,google,C002,home,NY,407.64,37841,1677,4,4,161.57
2025-05-19,meta,C003,auto,TX,277.41,25011,1135,9,9,520.07
2025-05-19,meta,C004,health,FL,225.85,21717,487,5,5,189.89
2025-05-19,affiliate,C005,life,OH,99.76,13395,397,16,16,985.0
2025-05-20,google,C001,auto,TX,350.31,51508,1367,4,4,197.42
2025-05-20,google,C002,home,PA,460.37,57154,1265,6,6,282.54
2025-05-20,meta,C003,auto,CA,239.96,28566,1306,3,3,170.75
2025-05-20,meta,C004,health,IL,263.17,37839,927,3,3,123.12
2025-05-20,affiliate,C005,life,MI,117.88,16345,950,5,5,317.06
2025-05-21,google,C001,auto,CA,404.29,45183,2089,4,4,182.64
2025-05-21,google,C002,home,PA,400.75,32719,922,8,8,494.0
2025-05-21,meta,C003,auto,GA,270.19,37678,1539,9,9,544.06
2025-05-21,meta,C004,health,IL,259.02,23179,645,6,6,373.52
2025-05-21,affiliate,C005,life,NY,150.44,15412,647,11,11,591.32
2025-05-22,google,C001,auto,FL,356.03,34707,1448,12,12,614.4
2025-05-22,google,C002,home,NY,419.32,42449,1800,7,7,366.79
2025-05-22,meta,C003,auto,CA,231.2,30788,1417,5,5,220.26
2025-05-22,meta,C004,health,IL,262.1,22944,654,6,6,270.37
2025-05-22,affiliate,C005,life,MI,131.99,10975,368,4,4,190.24
2025-05-23,google,C001,auto,FL,399.81,58749,2549,3,3,107.23
2025-05-23,google,C002,home,PA,391.32,57605,3093,9,9,351.16
2025-05-23,meta,C003,auto,CA,193.5,26637,1402,3,3,107.52
2025-05-23,meta,C004,health,NC,199.33,23244,1206,5,5,276.01
2025-05-23,affiliate,C005,life,NY,137.64,15131,382,10,10,569.17
2025-05-24,google,C001,auto,TX,196.42,15935,368,11,11,549.86
2025-05-24,google,C002,home,OH,212.73,31059,1025,9,9,475.82
2025-05-24,meta,C003,auto,TX,112.67,9927,217,3,3,158.05
2025-05-24,meta,C004,health,FL,139.71,18187,597,7,7,325.23
2025-05-24,affiliate,C005,life,MI,68.62,8223,364,10,10,514.91
2025-05-25,google,C001,auto,FL,208.8,19978,1175,8,8,282.29
2025-05-25,google,C002,home,OH,221.89,28263,940,10,10,501.96
2025-05-25,meta,C003,auto,TX,147.52,22101,862,9,9,415.19
2025-05-25,meta,C004,health,IL,158.4,20893,665,3,3,134.76
2025-05-25,affiliate,C005,life,OH,77.49,6629,236,8,8,304.62
2025-05-26,google,C001,auto,CA,385.76,37456,2157,14,14,897.13
2025-05-26,google,C002,home,PA,444.57,37541,1502,8,8,322.73
2025-05-26,meta,C003,auto,CA,203.23,19915,994,7,7,452.33
2025-05-26,meta,C004,health,IL,291.98,29158,1736,3,3,109.41
2025-05-26,affiliate,C005,life,OH,142.82,15538,783,6,6,251.8
2025-05-27,google,C001,auto,CA,332.98,49822,2882,8,8,383.48
2025-05-27,google,C002,home,OH,416.9,59380,1986,15,15,823.13
2025-05-27,meta,C003,auto,GA,300.5,40256,1900,5,5,321.42
2025-05-27,meta,C004,health,IL,308.97,40218,2142,5,5,184.16
2025-05-27,affiliate,C005,life,MI,143.85,21512,643,12,12,680.09
2025-05-28,google,C001,auto,CA,427.43,48137,1526,5,5,198.81
2025-05-28,google,C002,home,OH,324.8,42525,2227,8,8,294.36
2025-05-28,meta,C003,auto,TX,242.23,27951,1636,4,4,249.95
2025-05-28,meta,C004,health,FL,198.14,24994,1013,8,8,436.2
2025-05-28,affiliate,C005,life,NY,137.74,19273,735,4,4,211.85
2025-05-29,google,C001,auto,TX,297.38,34850,1913,10,10,356.65
2025-05-29,google,C002,home,PA,426.65,38197,1167,9,9,533.54
2025-05-29,meta,C003,auto,TX,266.87,32200,1519,9,9,383.67
2025-05-29,meta,C004,health,NC,258.08,24570,656,5,5,277.48
2025-05-29,affiliate,C005,life,MI,136.63,18321,977,10,10,477.89
2025-05-30,google,C001,auto,FL,322.24,40846,867,11,11,608.05
2025-05-30,google,C002,home,PA,331.92,36773,1262,10,10,439.46
2025-05-30,meta,C003,auto,GA,287.2,27118,1434,6,6,332.37
2025-05-30,meta,C004,health,FL,295.65,33832,1760,4,4,152.46
2025-05-30,affiliate,C005,life,OH,123.67,10919,629,5,5,283.47
2025-05-31,google,C001,auto,CA,220.13,24063,647,5,5,305.0
2025-05-31,google,C002,home,NY,272.08,27500,1119,11,11,602.68
2025-05-31,meta,C003,auto,CA,128.38,10768,225,8,8,500.46
2025-05-31,meta,C004,health,NC,116.22,13237,293,6,6,226.38
2025-05-31,affiliate,C005,life,NY,57.63,7024,246,8,8,312.6
2025-06-01,google,C001,auto,FL,181.38,24419,811,5,5,181.75
2025-06-01,google,C002,home,NY,220.09,21293,763,10,10,464.07
2025-06-01,meta,C003,auto,TX,174.52,17269,1006,10,10,435.34
2025-06-01,meta,C004,health,NC,123.13,18062,571,4,4,172.48
2025-06-01,affiliate,C005,life,OH,64.66,6414,284,6,6,367.18
2025-06-02,google,C001,auto,TX,423.09,47710,1809,5,5,312.95
2025-06-02,google,C002,home,OH,423.04,48222,1198,6,6,360.98
2025-06-02,meta,C003,auto,TX,244.73,29824,749,6,6,344.58
2025-06-02,meta,C004,health,IL,249.44,25765,1217,8,8,323.81
2025-06-02,affiliate,C005,life,OH,112.27,11790,534,5,5,225.85
2025-06-03,google,C001,auto,TX,447.91,58551,2722,8,8,398.75
2025-06-03,google,C002,home,NY,430.52,60230,1214,10,10,516.42
2025-06-03,meta,C003,auto,TX,240.65,19356,840,7,7,247.34
2025-06-03,meta,C004,health,FL,244.13,20174,1049,6,6,272.52
2025-06-03,affiliate,C005,life,OH,97.63,8696,247,6,6,340.15
2025-06-04,google,C001,auto,FL,359.61,36300,2067,10,10,452.23
2025-06-04,google,C002,home,PA,309.4,45722,2487,9,9,512.67
2025-06-04,meta,C003,auto,TX,236.38,29254,751,7,7,426.55
2025-06-04,meta,C004,health,NC,275.42,33395,1084,4,4,195.37
2025-06-04,affiliate,C005,life,OH,154.33,15688,611,7,7,291.05
2025-06-05,google,C001,auto,CA,444.55,38580,1355,6,6,263.04
2025-06-05,google,C002,home,NY,406.42,59890,2182,11,11,607.77
2025-06-05,meta,C003,auto,GA,272.29,26038,736,9,9,437.2
2025-06-05,meta,C004,health,IL,214.17,29349,1594,8,8,459.1
2025-06-05,affiliate,C005,life,OH,122.21,16083,919,6,6,378.77
2025-06-06,google,C001,auto,FL,434.9,36048,1267,5,5,206.95
2025-06-06,google,C002,home,NY,355.5,52184,1494,12,12,729.92
2025-06-06,meta,C003,auto,GA,295.16,42427,2474,12,12,652.53
2025-06-06,meta,C004,health,IL,259.87,35384,1674,4,4,231.1
2025-06-06,affiliate,C005,life,OH,126.69,14528,472,4,4,207.19
2025-06-07,google,C001,auto,TX,204.74,30627,1469,14,14,645.72
2025-06-07,google,C002,home,OH,202.44,28997,1047,5,5,196.36
2025-06-07,meta,C003,auto,GA,143.24,14627,306,9,9,432.23
2025-06-07,meta,C004,health,FL,172.38,23773,796,4,4,218.74
2025-06-07,affiliate,C005,life,OH,83.41,12188,514,4,4,234.2
2025-06-08,google,C001,auto,CA,194.61,22587,1027,8,8,420.56
2025-06-08,google,C002,home,PA,179.85,14613,434,4,4,155.31
2025-06-08,meta,C003,auto,GA,136.29,11207,639,5,5,175.98
2025-06-08,meta,C004,health,NC,146.55,21043,1001,4,4,229.37
2025-06-08,affiliate,C005,life,MI,61.0,8676,351,11,11,519.42
2025-06-09,google,C001,auto,CA,373.51,47451,1134,9,9,503.78
2025-06-09,google,C002,home,OH,313.85,25305,1171,8,8,501.8
2025-06-09,meta,C003,auto,CA,221.63,25593,831,4,4,183.39
2025-06-09,meta,C004,health,IL,302.71,37551,1675,4,4,219.16
2025-06-09,affiliate,C005,life,NY,119.03,15824,397,9,9,464.42
2025-06-10,google,C001,auto,TX,415.47,56532,1992,8,8,448.52
2025-06-10,google,C002,home,PA,371.49,45105,2598,7,7,296.56
2025-06-10,meta,C003,auto,GA,309.54,42336,2497,6,6,336.81
2025-06-10,meta,C004,health,IL,240.01,20067,1127,5,5,277.72
2025-06-10,affiliate,C005,life,OH,148.45,16119,566,6,6,250.34
2025-06-11,google,C001,auto,TX,313.51,25429,1388,6,6,336.89
2025-06-11,google,C002,home,NY,309.83,41406,1837,7,7,409.61
2025-06-11,meta,C003,auto,GA,214.1,17666,374,5,5,282.18
2025-06-11,meta,C004,health,FL,292.88,37399,1504,10,10,615.63
2025-06-11,affiliate,C005,life,MI,136.3,20384,505,9,9,350.35
2025-06-12,google,C001,auto,CA,404.24,37615,1244,12,12,446.7
2025-06-12,google,C002,home,OH,439.3,47025,1370,6,6,291.05
2025-06-12,meta,C003,auto,GA,223.45,21505,635,10,10,453.64
2025-06-12,meta,C004,health,NC,246.32,36839,959,6,6,373.45
2025-06-12,affiliate,C005,life,OH,123.69,17398,405,0,0,0.0
2025-06-13,google,C001,auto,TX,363.64,54205,3013,10,10,508.29
2025-06-13,google,C002,home,PA,445.7,35989,2155,8,8,411.29
2025-06-13,meta,C003,auto,GA,242.24,22931,1065,7,7,255.63
2025-06-13,meta,C004,health,IL,218.45,25972,1427,8,8,414.38
2025-06-13,affiliate,C005,life,MI,117.34,16720,396,7,7,424.42
2025-06-14,google,C001,auto,CA,270.55,35076,861,6,6,305.07
2025-06-14,google,C002,home,PA,203.47,16398,500,9,9,545.9
2025-06-14,meta,C003,auto,GA,154.1,13327,618,7,7,437.21
2025-06-14,meta,C004,health,FL,125.01,15021,426,5,5,311.62
2025-06-14,affiliate,C005,life,NY,58.05,5011,208,9,9,456.73
2025-06-15,google,C001,auto,FL,183.46,25817,549,8,8,491.7
2025-06-15,google,C002,home,NY,174.52,20977,1170,8,8,395.63
2025-06-15,meta,C003,auto,GA,115.1,12511,278,0,0,0.0
2025-06-15,meta,C004,health,FL,177.26,16379,528,5,5,274.25
2025-06-15,affiliate,C005,life,NY,63.93,7988,343,4,4,222.38
2025-06-16,google,C001,auto,TX,390.0,37471,946,5,5,246.2
2025-06-16,google,C002,home,OH,362.52,42715,1500,12,12,535.85
2025-06-16,meta,C003,auto,CA,205.5,28862,1233,6,6,231.69
2025-06-16,meta,C004,health,IL,240.06,29816,1706,5,5,286.62
2025-06-16,affiliate,C005,life,NY,152.58,18797,1068,11,11,544.87
2025-06-17,google,C001,auto,CA,360.29,43899,1363,9,9,369.44
2025-06-17,google,C002,home,PA,467.75,69095,3923,8,8,282.04
2025-06-17,meta,C003,auto,GA,286.15,40519,850,3,3,149.1
2025-06-17,meta,C004,health,FL,276.97,34131,1332,5,5,236.78
2025-06-17,affiliate,C005,life,MI,104.66,11760,574,4,4,140.37
2025-06-18,google,C001,auto,TX,368.25,35065,966,12,12,668.39
2025-06-18,google,C002,home,OH,291.13,36638,1773,8,8,437.74
2025-06-18,meta,C003,auto,CA,250.98,32299,1713,9,9,392.99
2025-06-18,meta,C004,health,NC,247.61,30281,796,11,11,417.73
2025-06-18,affiliate,C005,life,MI,146.94,18335,371,13,13,458.92
2025-06-19,google,C001,auto,CA,347.79,48106,2598,9,9,504.1
2025-06-19,google,C002,home,NY,342.69,36277,924,10,10,433.87
2025-06-19,meta,C003,auto,GA,285.76,31643,1735,3,3,113.48
2025-06-19,meta,C004,health,IL,259.72,37056,883,6,6,375.89
2025-06-19,affiliate,C005,life,MI,151.77,21274,450,7,7,267.35
2025-06-20,google,C001,auto,FL,417.87,56181,1137,7,7,263.12
2025-06-20,google,C002,home,NY,336.78,43691,2056,5,5,219.29
2025-06-20,meta,C003,auto,GA,299.85,26056,824,3,3,161.9
2025-06-20,meta,C004,health,NC,234.91,33501,1821,2,2,75.01
2025-06-20,affiliate,C005,life,OH,124.35,16392,642,5,5,257.84
2025-06-21,google,C001,auto,TX,198.61,17639,496,10,10,589.73
2025-06-21,google,C002,home,OH,236.53,28646,1544,10,10,392.13
2025-06-21,meta,C003,auto,TX,149.05,15401,686,7,7,361.35
2025-06-21,meta,C004,health,IL,169.43,16180,828,8,8,380.47
2025-06-21,affiliate,C005,life,MI,83.73,10260,375,5,5,289.56
2025-06-22,google,C001,auto,TX,249.82,21695,1124,7,7,351.23
2025-06-22,google,C002,home,NY,226.21,29712,1735,6,6,274.89
2025-06-22,meta,C003,auto,GA,137.61,16582,650,4,4,253.1
2025-06-22,meta,C004,health,IL,139.15,20691,1152,7,7,311.81
2025-06-22,affiliate,C005,life,OH,63.5,8927,255,5,5,305.96
2025-06-23,google,C001,auto,TX,332.98,27451,975,6,6,211.74
2025-06-23,google,C002,home,PA,314.3,26131,525,14,14,509.16
2025-06-23,meta,C003,auto,CA,259.34,38131,1891,11,11,530.16
2025-06-23,meta,C004,health,FL,307.22,37218,2175,5,5,182.39
2025-06-23,affiliate,C005,life,MI,125.86,17509,989,6,6,301.9
2025-06-24,google,C001,auto,TX,332.03,37221,1474,6,6,364.14
2025-06-24,google,C002,home,NY,437.58,57720,1774,5,5,304.81
2025-06-24,meta,C003,auto,TX,295.67,41527,1924,5,5,180.41
2025-06-24,meta,C004,health,NC,299.43,27921,1298,12,12,685.98
2025-06-24,affiliate,C005,life,NY,118.31,16172,541,6,6,319.61
2025-06-25,google,C001,auto,CA,392.52,41606,1914,10,10,415.38
2025-06-25,google,C002,home,PA,290.05,34120,1323,8,8,298.34
2025-06-25,meta,C003,auto,CA,297.71,36617,1643,14,14,527.4
2025-06-25,meta,C004,health,FL,279.43,34842,1520,4,4,247.24
2025-06-25,affiliate,C005,life,NY,130.21,10910,529,7,7,354.75
2025-06-26,google,C001,auto,FL,428.92,34501,1565,5,5,298.91
2025-06-26,google,C002,home,NY,335.78,42622,1736,7,7,420.43
2025-06-26,meta,C003,auto,TX,267.58,34547,1241,5,5,246.18
2025-06-26,meta,C004,health,FL,305.08,37539,1280,9,9,339.34
2025-06-26,affiliate,C005,life,OH,154.4,15846,617,9,9,484.3
2025-06-27,google,C001,auto,CA,324.29,31109,1457,5,5,239.69
2025-06-27,google,C002,home,NY,370.37,42211,1535,14,14,673.29
2025-06-27,meta,C003,auto,TX,236.33,30993,1321,7,7,400.56
2025-06-27,meta,C004,health,NC,290.67,41774,1366,6,6,388.09
2025-06-27,affiliate,C005,life,NY,132.97,18238,559,10,10,445.34
2025-06-28,google,C001,auto,FL,187.91,25538,1059,7,7,303.74
2025-06-28,google,C002,home,PA,186.6,19568,546,10,10,381.99
2025-06-28,meta,C003,auto,TX,155.33,16585,797,5,5,264.2
2025-06-28,meta,C004,health,FL,177.12,21132,942,9,9,370.25
2025-06-28,affiliate,C005,life,MI,88.28,11328,386,5,5,300.2
2025-06-29,google,C001,auto,CA,181.69,20301,959,8,8,486.07
2025-06-29,google,C002,home,PA,192.49,15603,874,14,15,876.23
2025-06-29,meta,C003,auto,GA,141.68,19680,408,5,5,270.84
2025-06-29,meta,C004,health,FL,123.09,10332,226,6,6,253.51
2025-06-29,affiliate,C005,life,NY,68.33,9152,233,10,10,527.05
2025-06-30,google,C001,auto,CA,433.32,53100,2382,13,13,799.53
2025-06-30,google,C002,home,PA,349.51,43517,883,9,9,388.49
2025-06-30,meta,C003,auto,TX,291.28,38970,1129,5,5,207.55
2025-06-30,meta,C004,health,FL,200.96,21888,657,4,4,227.29
2025-06-30,affiliate,C005,life,MI,139.28,16752,621,3,3,116.58
